,Author,Year,ID,R_T,H,d,fcm,bw,hf,E_f,f_fu,nf_tf,sf,wf,Rho_f,S_U_O,alpha,f_yy,S,Phi_s,Rho_sw,Asb,Ast,E_s,a_d,V_f_exp,V_R_exp,A_fpl,A_spl,SFI_factor,R,Deformed,Round,eps_fu,w_s,e_fe
0,Al-Sulaimani et al,1994,SO,1,150.0,113.0,37.7,150.0,150.0,16.0,200.0,3.0,50.0,20,0.016,2,90,450.0,200.0,6.0,0.0018849555921538759,339.29200658769764,56.548667764616276,200.0,3.5398230088495577,8.2,41.5,1.9021130325903073,0.2827433388230814,5.436404767878825,20.0,1,0,0.0125,0.4,0.001423611111111111
1,Al-Sulaimani et al,1994,SP,1,150.0,113.0,37.7,150.0,150.0,16.0,200.0,3.0,50.0,20,0.016,2,90,450.0,200.0,6.0,0.0018849555921538759,339.29200658769764,56.548667764616276,200.0,3.5398230088495577,7.9,41.2,2.4,0.2827433388230814,5.934291735288517,20.0,1,0,0.0125,0.4,0.001371527777777778
2,Al-Sulaimani et al,1994,WO,1,150.0,113.0,37.7,150.0,150.0,16.0,200.0,3.0,150.0,150,0.04,2,90,450.0,200.0,6.0,0.0018849555921538759,339.29200658769764,56.548667764616276,200.0,3.5398230088495577,8.7,42.0,6.0,0.2827433388230814,9.534291735288518,20.0,1,0,0.0125,1.0,0.0006041666666666666
3,Al-Sulaimani et al,1994,WP,1,150.0,113.0,37.7,150.0,150.0,16.0,200.0,3.0,150.0,150,0.04,2,90,450.0,200.0,6.0,0.0018849555921538759,339.29200658769764,56.548667764616276,200.0,3.5398230088495577,11.9,45.2,6.0,0.2827433388230814,9.534291735288518,20.0,1,0,0.0125,1.0,0.000826388888888889
4,Chaallal et al,1998,RS90,1,250.0,210.0,35.0,150.0,250.0,150.0,2400.0,1.0,100.0,50,0.006666666666666667,2,90,400.0,200.0,6.0,0.0018849555921538759,530.1437602932776,0.0,200.0,2.857142857142857,34.3,91.3,1.0,0.2827433388230814,1.3769911184307753,20.0,1,0,0.016,0.5,0.0009146666666666666
5,Chaallal et al,1998,RS135,1,250.0,210.0,35.0,150.0,250.0,150.0,2400.0,1.0,100.0,50,0.006666666666666667,2,45,400.0,200.0,6.0,0.0018849555921538759,530.1437602932776,0.0,200.0,2.857142857142857,43.5,96.8,1.0,0.2827433388230814,1.3769911184307753,20.0,1,0,0.016,0.5,0.0011599999999999998
6,Mitsui et al,1997,A1,1,250.0,220.0,28.5,150.0,250.0,230.0,3430.0,0.168,150.0,150,0.0022400000000000002,2,90,0.0,0.0,0.0,0.0,398.19686884250626,398.19686884250626,200.0,2.272727272727273,40.2,134.4,0.336,0.0,0.336,20.0,0,0,0.01491304347826087,1.0,0.0020807453416149067
7,Mitsui et al,1997,B1,1,250.0,220.0,28.5,150.0,250.0,230.0,3430.0,0.168,150.0,150,0.0022400000000000002,2,90,0.0,0.0,0.0,0.0,398.19686884250626,398.19686884250626,200.0,2.272727272727273,43.2,137.3,0.336,0.0,0.336,20.0,0,0,0.01491304347826087,1.0,0.0022360248447204968
8,Mitsui et al,1997,C1,1,250.0,220.0,28.5,150.0,250.0,230.0,3430.0,0.168,150.0,150,0.0022400000000000002,2,90,0.0,0.0,0.0,0.0,398.19686884250626,398.19686884250626,200.0,2.272727272727273,34.3,128.5,0.336,0.0,0.336,20.0,0,0,0.01491304347826087,1.0,0.0017753623188405795
9,Mitsui et al,1997,D1,1,250.0,220.0,28.5,150.0,250.0,230.0,3430.0,0.168,150.0,150,0.0022400000000000002,2,90,0.0,0.0,0.0,0.0,398.19686884250626,398.19686884250626,200.0,3.1818181818181817,55.4,126.5,0.336,0.0,0.336,20.0,0,0,0.01491304347826087,1.0,0.002867494824016563
10,Mitsui et al,1997,E1,1,250.0,220.0,28.5,150.0,250.0,230.0,3430.0,0.168,150.0,150,0.0022400000000000002,2,90,0.0,0.0,0.0,0.0,398.19686884250626,398.19686884250626,200.0,3.1818181818181817,37.8,108.9,0.336,0.0,0.336,20.0,0,0,0.01491304347826087,1.0,0.0019565217391304345
11,Triantafillou,1998,S1a,1,110.0,100.0,30.0,70.0,110.0,235.0,3300.0,0.111,45.0,30,0.0021142857142857144,2,90,0.0,0.0,0.0,0.0,100.53096491487338,0.0,200.0,3.2,13.55,21.75,0.148,0.0,0.148,20.0,0,0,0.014042553191489362,0.6666666666666666,0.003541742903445031
12,Triantafillou,1998,S1b,1,110.0,100.0,30.0,70.0,110.0,235.0,3300.0,0.111,45.0,30,0.0021142857142857144,2,90,0.0,0.0,0.0,0.0,100.53096491487338,0.0,200.0,3.2,11.25,19.45,0.148,0.0,0.148,20.0,0,0,0.014042553191489362,0.6666666666666666,0.0029405614511997494
13,Triantafillou,1998,S1(45),1,110.0,100.0,30.0,70.0,110.0,235.0,3300.0,0.111,63.63961030678928,30,0.001495025765937272,2,45,0.0,0.0,0.0,0.0,100.53096491487338,0.0,200.0,3.2,14.05,22.25,0.10465180361560904,0.0,0.10465180361560904,20.0,0,0,0.014042553191489362,0.4714045207910317,0.005193606710058546
14,Triantafillou,1998,S2a,1,110.0,100.0,30.0,70.0,110.0,235.0,3300.0,0.111,45.0,30,0.0021142857142857144,2,90,0.0,0.0,0.0,0.0,100.53096491487338,0.0,200.0,3.2,15.85,24.05,0.148,0.0,0.148,20.0,0,0,0.014042553191489362,0.6666666666666666,0.004142924355690313
15,Triantafillou,1998,S2b,1,110.0,100.0,30.0,70.0,110.0,235.0,3300.0,0.111,45.0,30,0.0021142857142857144,2,90,0.0,0.0,0.0,0.0,100.53096491487338,0.0,200.0,3.2,12.9,21.1,0.148,0.0,0.148,20.0,0,0,0.014042553191489362,0.6666666666666666,0.0033718437973757126
16,Triantafillou,1998,S2(45),1,110.0,100.0,30.0,70.0,110.0,235.0,3300.0,0.111,63.63961030678928,30,0.001495025765937272,2,45,0.0,0.0,0.0,0.0,100.53096491487338,0.0,200.0,3.2,15.45,23.65,0.10465180361560904,0.0,0.10465180361560904,20.0,0,0,0.014042553191489362,0.4714045207910317,0.005711119122448722
17,Triantafillou,1998,S3a,1,110.0,100.0,30.0,70.0,110.0,235.0,3300.0,0.147,45.0,30,0.0028,2,90,0.0,0.0,0.0,0.0,100.53096491487338,0.0,200.0,3.2,13.2,21.4,0.196,0.0,0.196,20.0,0,0,0.014042553191489362,0.6666666666666666,0.0026052974381241857
18,Triantafillou,1998,S3b,1,110.0,100.0,30.0,70.0,110.0,235.0,3300.0,0.147,45.0,30,0.0028,2,90,0.0,0.0,0.0,0.0,100.53096491487338,0.0,200.0,3.2,10.55,18.75,0.196,0.0,0.196,20.0,0,0,0.014042553191489362,0.6666666666666666,0.0020822642403189513
19,Triantafillou,1998,S3(45),1,110.0,100.0,30.0,70.0,110.0,235.0,3300.0,0.147,63.63961030678928,30,0.001979898987322333,2,45,0.0,0.0,0.0,0.0,100.53096491487338,0.0,200.0,3.2,12.15,20.35,0.13859292911256332,0.0,0.13859292911256332,20.0,0,0,0.014042553191489362,0.4714045207910317,0.0033913659619534014
20,Kachlakev and Barnnes,1999,"C1, 2L",1,152.0,101.0,27.5,152.0,152.0,230.0,3400.0,0.222,150.0,150,0.002921052631578947,2,90,0.0,0.0,0.0,0.0,78.53981633974483,0.0,200.0,1.683168316831683,19.1,114.0,0.44399999999999995,0.0,0.44399999999999995,,0,0,0.014782608695652174,1.0,0.0012304925062362135
21,Kachlakev and Barnnes,1999,"C1, 3L",1,152.0,101.0,27.5,152.0,152.0,230.0,3400.0,0.333,150.0,150,0.004381578947368421,2,90,0.0,0.0,0.0,0.0,78.53981633974483,0.0,200.0,1.683168316831683,18.2,100.6,0.666,0.0,0.666,,0,0,0.014782608695652174,1.0,0.0007816741226352209
22,Kachlakev and Barnnes,1999,"C2, 3L",1,152.0,101.0,27.5,152.0,152.0,230.0,3400.0,0.33,150.0,150,0.0043421052631578945,2,90,0.0,0.0,0.0,0.0,78.53981633974483,0.0,200.0,1.683168316831683,34.1,84.8,0.66,0.0,0.66,20.0,0,0,0.014782608695652174,1.0,0.0014778794813119754
23,Taljsten and Elfgre,2000,SR1,1,500.0,460.0,53.8,180.0,500.0,70.8,860.0,0.8,2.8284271247461903,1,0.0031426968052735444,2,45,0.0,0.0,0.0,0.0,1608.495438637974,402.1238596594935,200.0,3.4782608695652173,89.0,195.0,0.565685424949238,0.0,0.565685424949238,20.0,0,0,0.012146892655367232,0.35355339059327373,0.004444385842203582
24,Taljsten and Elfgre,2000,SR2,1,500.0,460.0,52.7,180.0,500.0,70.8,860.0,0.8,1.4142135623730951,1,0.006285393610547089,2,45,0.0,0.0,0.0,0.0,1608.495438637974,402.1238596594935,200.0,2.608695652173913,122.5,243.0,1.131370849898476,0.0,1.131370849898476,20.0,0,0,0.012146892655367232,0.7071067811865475,0.0030586363239884207
25,Khalifa and Nanni,2000,BT5,0,405.0,355.0,43.0,150.0,305.0,228.0,3790.0,0.165,125.0,50,0.00088,2,90,0.0,0.0,0.0,0.0,1231.5043202071988,265.4645792283375,200.0,3.0140845070422535,31.5,121.5,0.132,0.0,0.132,20.0,0,0,0.01662280701754386,0.4,0.0034316416973880306
26,Pellegrino and Modena,2002,TR30C2,1,300.0,250.0,27.5,150.0,300.0,233.6,3550.0,0.165,150.0,150,0.0022,2,90,0.0,0.0,0.0,0.0,562.5,562.5,210.0,3.0,45.3,120.0,0.33,0.0,0.33,20.0,0,0,0.015196917808219178,1.0,0.001958800332088003
27,Pellegrino and Modena,2002,TR30C3,1,300.0,250.0,27.5,150.0,300.0,233.6,3550.0,0.495,150.0,150,0.0066,2,90,0.0,0.0,0.0,0.0,562.5,562.5,210.0,3.0,38.1,112.8,0.99,0.0,0.99,20.0,0,0,0.015196917808219178,1.0,0.0005491559429915595
28,Pellegrino and Modena,2002,TR30C4,1,300.0,250.0,27.5,150.0,300.0,233.6,3550.0,0.495,150.0,150,0.0066,2,90,0.0,0.0,0.0,0.0,562.5,562.5,210.0,3.0,65.5,140.2,0.99,0.0,0.99,20.0,0,0,0.015196917808219178,1.0,0.0009440869886075367
29,Pellegrino and Modena,2002,TR30D10,1,300.0,250.0,31.4,150.0,300.0,233.6,3550.0,0.33,150.0,150,0.0044,2,90,548.0,200.0,8.0,0.003351032163829113,562.5,562.5,210.0,3.0,31.5,193.0,0.66,0.5026548245743669,1.111872915927299,20.0,1,0,0.015196917808219178,1.0,0.0006810398505603985
30,Pellegrino and Modena,2002,TR30D2,1,300.0,250.0,31.4,150.0,300.0,233.6,3550.0,0.495,150.0,150,0.0066,2,90,548.0,200.0,8.0,0.003351032163829113,562.5,562.5,210.0,3.0,51.8,213.3,0.99,0.5026548245743669,1.441872915927299,20.0,1,0,0.015196917808219178,1.0,0.000746621465799548
31,Pellegrino and Modena,2002,TR30D20,1,300.0,250.0,31.4,150.0,300.0,233.6,3550.0,0.495,150.0,150,0.0066,2,90,548.0,200.0,8.0,0.003351032163829113,562.5,562.5,210.0,3.0,86.0,247.5,0.99,0.5026548245743669,1.441872915927299,20.0,1,0,0.015196917808219178,1.0,0.0012395645957289792
32,Pellegrino and Modena,2002,TR30D4,1,300.0,250.0,31.4,150.0,300.0,233.6,3550.0,0.33,150.0,150,0.0044,2,90,548.0,200.0,8.0,0.003351032163829113,562.5,562.5,210.0,3.0,47.3,208.8,0.66,0.5026548245743669,1.111872915927299,20.0,1,0,0.015196917808219178,1.0,0.0010226407914764079
33,Pellegrino and Modena,2002,TR30D40,1,300.0,250.0,31.4,150.0,300.0,233.6,3550.0,0.33,150.0,150,0.0044,2,90,548.0,200.0,8.0,0.003351032163829113,562.5,562.5,210.0,3.0,50.5,212.0,0.66,0.5026548245743669,1.111872915927299,20.0,1,0,0.015196917808219178,1.0,0.0010918257921682581
34,Taljsten ,2003,RC1,1,500.0,465.0,67.4,180.0,500.0,234.0,4500.0,0.11,212.13203435596427,150,0.0008642416214502248,2,45,0.0,0.0,0.0,0.0,2412.743157956961,402.1238596594935,200.0,2.6881720430107525,182.0,306.1,0.15556349186104046,0.0,0.15556349186104046,20.0,0,0,0.01923076923076923,0.7071067811865475,0.00999948983496128
35,Taljsten ,2003,C1,1,500.0,465.0,67.4,180.0,500.0,234.0,4500.0,0.07,212.13203435596427,150,0.0005499719409228703,2,45,0.0,0.0,0.0,0.0,2412.743157956961,402.1238596594935,200.0,2.6881720430107525,122.6,246.7,0.09899494936611666,0.0,0.09899494936611666,20.0,0,0,0.01923076923076923,0.7071067811865475,0.010585017261718037
36,Taljsten ,2003,C2 ,1,500.0,465.0,71.4,180.0,500.0,234.0,4500.0,0.11,212.13203435596427,150,0.0008642416214502248,2,45,0.0,0.0,0.0,0.0,2412.743157956961,402.1238596594935,200.0,2.6881720430107525,133.2,257.2,0.15556349186104046,0.0,0.15556349186104046,20.0,0,0,0.01923076923076923,0.7071067811865475,0.007318307945147485
37,Taljsten ,2003,C3,1,500.0,465.0,58.7,180.0,500.0,234.0,4500.0,0.11,150.0,150,0.0012222222222222222,2,90,0.0,0.0,0.0,0.0,2412.743157956961,402.1238596594935,200.0,2.6881720430107525,136.6,260.6,0.22,0.0,0.22,20.0,0,0,0.01923076923076923,1.0,0.005306915306915306
38,Taljsten ,2003,C5,1,500.0,465.0,71.4,180.0,500.0,234.0,4500.0,0.165,212.13203435596427,150,0.001296362432175337,2,45,0.0,0.0,0.0,0.0,2412.743157956961,402.1238596594935,200.0,2.6881720430107525,210.6,334.3,0.23334523779156066,0.0,0.23334523779156066,20.0,0,0,0.01923076923076923,0.7071067811865475,0.007713892158398699
39,Beber and Campos Filho,2005,V9_A,1,300.0,261.0,32.8,150.0,300.0,230.0,3400.0,0.111,100.0,50,0.00074,2,90,0.0,0.0,0.0,0.0,1206.3715789784806,402.1238596594935,200.0,2.835249042145594,82.39999999999999,196.2,0.111,0.0,0.111,20.0,0,0,0.014782608695652174,0.5,0.010758584671628149
40,Beber and Campos Filho,2005,V9_B,1,300.0,261.0,32.8,150.0,300.0,230.0,3400.0,0.111,100.0,50,0.00074,2,90,0.0,0.0,0.0,0.0,1206.3715789784806,402.1238596594935,200.0,2.835249042145594,94.8,208.6,0.111,0.0,0.111,20.0,0,0,0.014782608695652174,0.5,0.012377594986290636
41,Beber and Campos Filho,2005,V21_A,1,300.0,261.0,32.8,150.0,300.0,230.0,3400.0,0.111,100.0,50,0.00074,2,90,0.0,0.0,0.0,0.0,1206.3715789784806,402.1238596594935,200.0,2.835249042145594,116.60000000000001,230.4,0.111,0.0,0.111,20.0,0,0,0.014782608695652174,0.5,0.015223919571745658
42,Beber and Campos Filho,2005,V14_B,1,300.0,261.0,32.8,150.0,300.0,230.0,3400.0,0.111,141.4213562373095,50,0.0005232590180780451,2,45,0.0,0.0,0.0,0.0,1206.3715789784806,402.1238596594935,200.0,2.835249042145594,69.50000000000001,183.3,0.07848885271170677,0.0,0.07848885271170677,20.0,0,0,0.014782608695652174,0.35355339059327373,0.012832986367010073
43,Beber and Campos Filho,2005,V13_A,1,300.0,261.0,32.8,150.0,300.0,205.0,2500.0,1.4,150.0,150,0.018666666666666665,2,90,0.0,0.0,0.0,0.0,1206.3715789784806,402.1238596594935,200.0,2.835249042145594,130.2,244.0,2.8,0.0,2.8,20.0,0,0,0.012195121951219513,1.0,0.0007560975609756098
44,Beber and Campos Filho,2005,V13_B,1,300.0,261.0,32.8,150.0,300.0,205.0,2500.0,1.4,150.0,150,0.018666666666666665,2,90,0.0,0.0,0.0,0.0,1206.3715789784806,402.1238596594935,200.0,2.835249042145594,137.7,251.5,2.8,0.0,2.8,20.0,0,0,0.012195121951219513,1.0,0.0007996515679442508
45,Beber and Campos Filho,2005,V20_B,1,300.0,261.0,32.8,150.0,300.0,230.0,3400.0,0.111,100.0,50,0.00074,2,90,0.0,0.0,0.0,0.0,1206.3715789784806,402.1238596594935,200.0,2.835249042145594,172.0,285.8,0.111,0.0,0.111,20.0,0,0,0.014782608695652174,0.5,0.022457239848544197
46,Beber and Campos Filho,2005,V22_B,1,300.0,261.0,32.8,150.0,300.0,230.0,3400.0,0.111,100.0,50,0.00074,2,90,0.0,0.0,0.0,0.0,1206.3715789784806,402.1238596594935,200.0,2.835249042145594,111.2,225.0,0.111,0.0,0.111,20.0,0,0,0.014782608695652174,0.5,0.014518866692779738
47,Zhang and Hsu,2005,Z4-90,1,228.6,188.6,51.83,152.4,228.6,165.0,2800.0,1.2,127.0,50,0.0062000124000248,2,90,0.0,0.0,0.0,0.0,471.23889803846896,64.33981754551897,200.0,2.8287380699893956,27.6,73.7,0.9448818897637795,0.0,0.9448818897637795,20.0,0,0,0.016969696969696968,0.3937007874015748,0.0007744107744107746
48,Zhang and Hsu,2005,Z4-45,1,228.6,188.6,51.83,152.4,228.6,165.0,2800.0,1.2,179.6051224213831,50,0.004384070811498217,2,45,0.0,0.0,0.0,0.0,471.23889803846896,64.33981754551897,200.0,2.8287380699893956,36.7,82.2,0.6681323916723283,0.0,0.6681323916723283,20.0,0,0,0.016969696969696968,0.27838849653013675,0.0014562749085042816
49,Zhang and Hsu,2005,Z6-90,1,228.6,188.6,51.83,152.4,228.6,165.0,2800.0,1.2,127.0,50,0.0062000124000248,2,90,0.0,0.0,0.0,0.0,471.23889803846896,64.33981754551897,200.0,2.8287380699893956,21.0,63.9,0.9448818897637795,0.0,0.9448818897637795,20.0,0,0,0.016969696969696968,0.3937007874015748,0.0005892255892255892
50,Carolin and Taljsten,2005,290,1,400.0,335.0,46.0,180.0,400.0,234.0,4500.0,0.11,150.0,150,0.0012222222222222222,2,90,0.0,0.0,0.0,0.0,2412.743157956961,402.1238596594935,210.0,2.985074626865672,61.0,298.0,0.22,0.0,0.22,20.0,0,0,0.01923076923076923,1.0,0.0029623154623154625
51,Carolin and Taljsten,2005,290a,1,500.0,435.0,59.0,180.0,500.0,234.0,4500.0,0.11,150.0,150,0.0012222222222222222,2,90,0.0,0.0,0.0,0.0,2412.743157956961,402.1238596594935,210.0,2.8735632183908044,136.0,256.0,0.22,0.0,0.22,20.0,0,0,0.01923076923076923,1.0,0.0052836052836052845
52,Carolin and Taljsten,2005,290b,1,500.0,435.0,52.0,180.0,500.0,234.0,4500.0,0.11,150.0,150,0.0012222222222222222,2,90,0.0,0.0,0.0,0.0,2412.743157956961,402.1238596594935,210.0,2.8735632183908044,178.0,298.0,0.22,0.0,0.22,20.0,0,0,0.01923076923076923,1.0,0.006915306915306915
53,Carolin and Taljsten,2005,345,1,500.0,435.0,71.0,180.0,500.0,234.0,4500.0,0.17,212.13203435596427,150,0.0013356461422412565,2,45,0.0,0.0,0.0,0.0,2412.743157956961,402.1238596594935,210.0,2.8735632183908044,214.0,334.0,0.2404163056034262,0.0,0.2404163056034262,20.0,0,0,0.01923076923076923,0.7071067811865475,0.007607885931318307
54,Carolin and Taljsten,2006,390,1,400.0,335.0,46.0,180.0,400.0,234.0,4500.0,0.17,150.0,150,0.001888888888888889,2,90,0.0,0.0,0.0,0.0,2412.743157956961,402.1238596594935,210.0,2.985074626865672,61.0,298.0,0.34,0.0,0.34,20.0,0,0,0.01923076923076923,1.0,0.0019167923579688285
55,Sandarraja et al. ,2008,V5,1,150.0,120.0,23.288,100.0,150.0,73.0,3400.0,1.0,45.0,30,0.013333333333333332,2,90,0.0,0.0,0.0,0.0,100.53096491487338,100.53096491487338,200.0,2.0,7.0,25.5,1.3333333333333333,0.0,1.3333333333333333,,0,0,0.04657534246575342,0.6666666666666666,0.00047945205479452054
56,Kim et,2008,CP2-1D,1,250.0,220.0,34.7,250.0,250.0,158.0,3160.0,1.2,141.4213562373095,50,0.003394112549695428,2,45,0.0,0.0,0.0,0.0,804.247719318987,265.4645792283375,200.0,1.7,73.0,178.0,0.848528137423857,0.0,0.848528137423857,20.0,0,0,0.02,0.35355339059327373,0.002178008228971222
57,Kim et,2008,CP3-1V,1,250.0,220.0,34.7,250.0,250.0,158.0,3160.0,1.2,100.0,50,0.0048,2,90,0.0,0.0,0.0,0.0,804.247719318987,265.4645792283375,200.0,2.2,32.0,94.5,1.2,0.0,1.2,20.0,0,0,0.02,0.5,0.0006751054852320675
58,Grande et al. ,2009,RS2Sa,1,450.0,410.0,29.0,250.0,450.0,392.0,2600.0,0.191,150.0,150,0.001528,2,90,476.0,200.0,8.0,0.002010619298297468,2148.8493750554185,760.26542216873,210.0,3.4146341463414633,25.0,240.0,0.382,0.5026548245743669,0.6512793703076966,20.0,1,0,0.0066326530612244895,1.0,0.0003710035497619641
59,Grande et al. ,2009,RS3Sa,1,450.0,410.0,29.0,250.0,450.0,392.0,2600.0,0.191,150.0,150,0.001528,2,90,476.0,300.0,8.0,0.0013404128655316449,2148.8493750554185,760.26542216873,210.0,3.4146341463414633,45.0,205.0,0.382,0.33510321638291124,0.561519580205131,20.0,1,0,0.0066326530612244895,1.0,0.0006678063895715355
60,Grande et al. ,2009,RS3Sb,1,450.0,410.0,29.0,250.0,450.0,392.0,2600.0,0.191,150.0,150,0.001528,2,90,476.0,300.0,8.0,0.0013404128655316449,2148.8493750554185,760.26542216873,210.0,3.4146341463414633,60.0,220.0,0.382,0.33510321638291124,0.561519580205131,20.0,1,0,0.0066326530612244895,1.0,0.000890408519428714
61,Grande et al. ,2009,RS4Sb,1,450.0,410.0,29.0,250.0,450.0,392.0,2600.0,0.191,150.0,150,0.001528,2,90,476.0,400.0,8.0,0.001005309649148734,2148.8493750554185,760.26542216873,210.0,3.4146341463414633,57.5,180.0,0.382,0.25132741228718347,0.5166396851538483,20.0,1,0,0.0066326530612244895,1.0,0.0008533081644525175
62,Malek and Saadatmanesh,1998,IIA,1,203.0,165.0,36.5,127.0,203.0,200.0,105.0,0.66,212.13203435596427,150,0.007349456308395611,1,45,420.0,206.0,6.0,0.002161481070431017,402.1238596594935,402.1238596594935,200.0,3.696969696969697,49.3,100.8,0.9333809511662426,0.2745080959447392,1.2078890471109818,,0,1,0.0005250000000000001,0.7071067811865475,0.0013009540346505743
63,Khalifa et al.,1999,CO2,1,305.0,264.0,28.5,150.0,305.0,228.0,3500.0,0.165,125.0,50,0.00088,1,90,0.0,0.0,0.0,0.0,1608.495438637974,1608.495438637974,200.0,2.3484848484848486,40.0,88.0,0.132,0.0,0.132,20.0,0,0,0.015350877192982455,0.4,0.004357640250651467
64,Khalifa et al.,1999,CO2,1,305.0,264.0,28.5,150.0,305.0,228.0,3500.0,0.165,150.0,150,0.0022,1,90,0.0,0.0,0.0,0.0,1608.495438637974,1608.495438637974,200.0,2.3484848484848486,65.0,113.0,0.33,0.0,0.33,20.0,0,0,0.015350877192982455,1.0,0.002832466162923454
65,Khalifa and Nanni,2000,BT2,0,405.0,360.0,43.3,150.0,305.0,228.0,3970.0,0.165,150.0,150,0.0022,1,90,0.0,0.0,0.0,0.0,1231.5043202071988,265.4645792283375,200.0,3.0,65.0,155.0,0.33,0.0,0.33,20.0,0,0,0.017412280701754386,1.0,0.002832466162923454
66,Khalifa and Nanni,2000,BT3,0,405.0,360.0,43.3,150.0,305.0,228.0,3970.0,0.165,150.0,150,0.0022,1,90,0.0,0.0,0.0,0.0,1231.5043202071988,265.4645792283375,200.0,3.0,67.5,157.5,0.33,0.0,0.33,20.0,0,0,0.017412280701754386,1.0,0.00294140716918974
67,Khalifa and Nanni,2000,BT4,0,405.0,360.0,43.3,150.0,305.0,228.0,3970.0,0.165,125.0,50,0.00088,1,90,0.0,0.0,0.0,0.0,1231.5043202071988,265.4645792283375,200.0,3.0,72.0,162.0,0.132,0.0,0.132,20.0,0,0,0.017412280701754386,0.4,0.00784375245117264
68,Deniaud and Cheng,2001,T6NS-C45,0,600.0,520.0,44.1,140.0,450.0,230.0,3400.0,0.11,141.1,50,0.0005568492457223854,1,90,0.0,0.0,0.0,0.0,2123.7166338267,0.0,200.0,2.8461538461538463,44.89999999999999,148.1,0.07795889440113395,0.0,0.07795889440113395,19.0,0,0,0.014782608695652174,0.35435861091424525,0.005564681598594641
69,Deniaud and Cheng,2001,T6S4-C90,0,600.0,520.0,44.1,140.0,450.0,230.0,3400.0,0.11,100.0,50,0.0007857142857142857,1,90,520.0,400.0,6.0,0.0010097976386538622,2123.7166338267,0.0,200.0,2.8461538461538463,49.30000000000001,223.0,0.11,0.1413716694115407,0.232931886444818,19.0,0,1,0.014782608695652174,0.5,0.004330259112867809
70,Deniaud and Cheng,2001,T6S4-G90,0,600.0,520.0,44.1,140.0,450.0,17.7,106.0,1.8,150.0,150,0.025714285714285714,1,90,520.0,400.0,6.0,0.0010097976386538622,2123.7166338267,0.0,200.0,2.8461538461538463,152.3,326.0,3.6,0.1413716694115407,5.197419993350742,19.0,0,1,0.005988700564971752,1.0,0.005311431959266235
71,Khalifa and Nanni,2002,SO3-2,1,305.0,250.0,27.5,150.0,305.0,228.0,3970.0,0.165,125.0,50,0.00088,1,90,0.0,0.0,0.0,0.0,1608.495438637974,1608.495438637974,200.0,3.04,54.0,131.0,0.132,0.0,0.132,20.0,0,0,0.017412280701754386,0.4,0.00588281433837948
72,Khalifa and Nanni,2002,SO4-2,1,305.0,250.0,27.5,150.0,305.0,228.0,3970.0,0.165,125.0,50,0.00088,1,90,0.0,0.0,0.0,0.0,1608.495438637974,1608.495438637974,200.0,3.04,62.5,127.0,0.132,0.0,0.132,20.0,0,0,0.017412280701754386,0.4,0.0068088128916429175
73,Khalifa and Nanni,2002,SO3-3,1,305.0,250.0,27.5,150.0,305.0,228.0,3970.0,0.165,125.0,75,0.00132,1,90,0.0,0.0,0.0,0.0,1608.495438637974,1608.495438637974,200.0,3.04,56.5,133.5,0.198,0.0,0.198,20.0,0,0,0.017412280701754386,0.6,0.004103444569363465
74,Khalifa and Nanni,2002,SO3-4,1,305.0,250.0,27.5,150.0,305.0,228.0,3970.0,0.165,150.0,150,0.0022,1,90,0.0,0.0,0.0,0.0,1608.495438637974,1608.495438637974,200.0,3.04,67.5,144.5,0.33,0.0,0.33,20.0,0,0,0.017412280701754386,1.0,0.00294140716918974
75,Khalifa and Nanni,2002,SO4-3,1,305.0,250.0,27.5,150.0,305.0,228.0,3970.0,0.165,150.0,150,0.0022,1,90,0.0,0.0,0.0,0.0,1608.495438637974,1608.495438637974,200.0,3.04,90.0,155.0,0.33,0.0,0.33,20.0,0,0,0.017412280701754386,1.0,0.003921876225586321
76,Diagana et al.,2003,PU1,1,450.0,425.0,38.0,130.0,450.0,105.0,1400.0,0.43,200.0,40,0.001323076923076923,1,90,240.0,300.0,6.0,0.001449965840118366,709.9999397112932,100.53096491487338,210.0,2.1176470588235294,65.0,142.5,0.172,0.18849555921538758,0.5489911184307752,20.0,0,1,0.013333333333333334,0.2,0.007998031253845208
77,Diagana et al.,2003,PU2,1,450.0,425.0,38.0,130.0,450.0,105.0,1400.0,0.43,250.0,40,0.0010584615384615385,1,90,240.0,300.0,6.0,0.001449965840118366,709.9999397112932,100.53096491487338,210.0,2.1176470588235294,40.0,130.0,0.1376,0.18849555921538758,0.5145911184307752,20.0,0,1,0.013333333333333334,0.16,0.006152331733727082
78,Diagana et al.,2003,PU3,1,450.0,425.0,38.0,130.0,450.0,105.0,1400.0,0.43,300.0,40,0.0008820512820512821,1,45,240.0,300.0,6.0,0.001449965840118366,709.9999397112932,100.53096491487338,210.0,2.1176470588235294,89.0,154.5,0.11466666666666667,0.18849555921538758,0.49165778509744185,20.0,0,1,0.013333333333333334,0.13333333333333333,0.01642672572905131
79,Diagana et al.,2003,PU4,1,450.0,425.0,38.0,130.0,450.0,105.0,1400.0,0.43,350.0,40,0.000756043956043956,1,45,240.0,300.0,6.0,0.001449965840118366,709.9999397112932,100.53096491487338,210.0,2.1176470588235294,80.0,150.0,0.09828571428571428,0.18849555921538758,0.47527683271648946,20.0,0,1,0.013333333333333334,0.11428571428571428,0.01722652885443583
80,Adhikary et al.,2004,C-1,1,300.0,245.0,37.2,300.0,245.0,230.0,3400.0,0.167,150.0,150,0.0011133333333333334,1,90,0.0,0.0,0.0,0.0,3216.990877275948,1520.53084433746,207.0,4.081632653061225,53.0,165.0,0.334,0.0,0.334,30.0,0,0,0.014782608695652174,1.0,0.0028160183625650205
81,Adhikary et al.,2004,A-1,1,300.0,245.0,39.6,300.0,245.0,120.0,2000.0,0.286,150.0,150,0.0019066666666666665,1,90,0.0,0.0,0.0,0.0,3216.990877275948,1520.53084433746,207.0,4.081632653061225,43.0,155.0,0.572,0.0,0.572,30.0,0,0,0.016666666666666666,1.0,0.002556966842681129
82,Beber and Campos Filho,2005,V10_A,1,300.0,261.0,32.8,150.0,300.0,230.0,3400.0,0.111,100.0,50,0.00074,1,90,0.0,0.0,0.0,0.0,1206.3715789784806,402.1238596594935,200.0,2.835249042145594,82.4,215.0,0.111,0.0,0.111,20.0,0,0,0.014782608695652174,0.5,0.010758584671628149
83,Beber and Campos Filho,2005,V10_B,1,300.0,261.0,32.8,150.0,300.0,230.0,3400.0,0.111,100.0,50,0.00074,1,90,0.0,0.0,0.0,0.0,1206.3715789784806,402.1238596594935,200.0,2.835249042145594,94.7,208.6,0.111,0.0,0.111,20.0,0,0,0.014782608695652174,0.5,0.012364538451494973
84,Beber and Campos Filho,2005,V17_A,1,300.0,261.0,32.8,150.0,300.0,230.0,3400.0,0.111,100.0,50,0.00074,1,90,0.0,0.0,0.0,0.0,1206.3715789784806,402.1238596594935,200.0,2.835249042145594,116.5,230.4,0.111,0.0,0.111,20.0,0,0,0.014782608695652174,0.5,0.015210863036949991
85,Beber and Campos Filho,2005,V11_A,1,300.0,261.0,32.8,150.0,300.0,230.0,3400.0,0.111,100.0,50,0.00074,1,90,0.0,0.0,0.0,0.0,1206.3715789784806,402.1238596594935,200.0,2.835249042145594,101.1,215.0,0.111,0.0,0.111,20.0,0,0,0.014782608695652174,0.5,0.013200156678417549
86,Beber and Campos Filho,2005,V11_B,1,300.0,261.0,32.8,150.0,300.0,230.0,3400.0,0.111,100.0,50,0.00074,1,90,0.0,0.0,0.0,0.0,1206.3715789784806,402.1238596594935,200.0,2.835249042145594,98.1,212.0,0.111,0.0,0.111,20.0,0,0,0.014782608695652174,0.5,0.01280846063454759
87,Beber and Campos Filho,2005,V17_B,1,300.0,261.0,32.8,150.0,300.0,230.0,3400.0,0.111,100.0,50,0.00074,1,90,0.0,0.0,0.0,0.0,1206.3715789784806,402.1238596594935,200.0,2.835249042145594,91.7,205.6,0.111,0.0,0.111,20.0,0,0,0.014782608695652174,0.5,0.011972842407625016
88,Beber and Campos Filho,2005,V19_A,1,300.0,261.0,32.8,150.0,300.0,230.0,3400.0,0.111,141.4,50,0.0005233380480905232,1,45,0.0,0.0,0.0,0.0,1206.3715789784806,402.1238596594935,200.0,2.835249042145594,123.0,236.8,0.07850070721357849,0.0,0.07850070721357849,20.0,0,0,0.014782608695652174,0.3536067892503536,0.022708186447316887
89,Beber and Campos Filho,2005,V19_B,1,300.0,261.0,32.8,150.0,300.0,230.0,3400.0,0.111,141.4,50,0.0005233380480905232,1,45,0.0,0.0,0.0,0.0,1206.3715789784806,402.1238596594935,200.0,2.835249042145594,116.4,230.3,0.07850070721357849,0.0,0.07850070721357849,20.0,0,0,0.014782608695652174,0.3536067892503536,0.021489698394046224
90,Beber and Campos Filho,2005,V15_B,1,300.0,261.0,32.8,150.0,300.0,230.0,3400.0,0.111,150.0,150,0.0014799999999999998,1,90,0.0,0.0,0.0,0.0,1206.3715789784806,402.1238596594935,200.0,2.835249042145594,162.9,276.7,0.22199999999999998,0.0,0.22199999999999998,20.0,0,0,0.014782608695652174,1.0,0.010634547591069332
91,Beber and Campos Filho,2005,V16_B,1,300.0,261.0,32.8,150.0,300.0,230.0,3400.0,0.111,150.0,150,0.0014799999999999998,1,90,0.0,0.0,0.0,0.0,1206.3715789784806,402.1238596594935,200.0,2.835249042145594,111.0,224.9,0.22199999999999998,0.0,0.22199999999999998,20.0,0,0,0.014782608695652174,1.0,0.007246376811594204
92,Pellegrino and Modena,2006,A-U1-C7,1,300.0,250.0,41.4,150.0,300.0,230.0,3450.0,0.165,150.0,150,0.0022,1,90,534.0,170.0,8.0,0.003942390780975426,2827.4333882308138,2827.4333882308138,200.0,3.0,52.9,238.1,0.33,0.591358617146314,0.8442248844750557,20.0,1,0,0.015,1.0,0.002323232323232323
93,Pellegrino and Modena,2006,A-U2-C-17,1,300.0,250.0,41.4,150.0,300.0,230.0,3450.0,0.33,150.0,150,0.0044,1,90,534.0,170.0,8.0,0.003942390780975426,2827.4333882308138,2827.4333882308138,200.0,3.0,57.8,243.0,0.66,0.591358617146314,1.1742248844750556,20.0,1,0,0.015,1.0,0.00126921387790953
94,Pellegrino and Modena,2006,A-U1-C-20,1,300.0,250.0,41.4,150.0,300.0,230.0,3450.0,0.165,150.0,150,0.0022,1,90,534.0,200.0,8.0,0.003351032163829113,2827.4333882308138,2827.4333882308138,200.0,3.0,55.8,225.0,0.33,0.5026548245743669,0.7670911518037973,20.0,1,0,0.015,1.0,0.002450592885375494
95,Pellegrino and Modena,2006,A-U2-C-20,1,300.0,250.0,41.4,150.0,300.0,230.0,3450.0,0.33,150.0,150,0.0044,1,90,534.0,200.0,8.0,0.003351032163829113,2827.4333882308138,2827.4333882308138,200.0,3.0,60.5,229.7,0.66,0.5026548245743669,1.0970911518037973,20.0,1,0,0.015,1.0,0.001328502415458937
96,Pellegrino and Modena,2006,A-U1-S-17,1,300.0,250.0,41.4,150.0,300.0,230.0,3450.0,0.165,150.0,150,0.0022,1,90,534.0,170.0,8.0,0.003942390780975426,2827.4333882308138,2827.4333882308138,200.0,3.0,49.1,247.3,0.33,0.591358617146314,0.8442248844750557,20.0,1,0,0.015,1.0,0.002156346069389548
97,Pellegrino and Modena,2006,A-U1-S-20,1,300.0,250.0,41.4,150.0,300.0,230.0,3450.0,0.165,150.0,150,0.0022,1,90,534.0,200.0,8.0,0.003351032163829113,2827.4333882308138,2827.4333882308138,200.0,3.0,31.7,235.1,0.33,0.5026548245743669,0.7670911518037973,20.0,1,0,0.015,1.0,0.0013921826965305226
98,Barros and Dias,2006,A12_M,1,300.0,280.0,49.2,150.0,300.0,390.0,3000.0,0.334,95.0,25,0.0011719298245614035,1,90,0.0,0.0,0.0,0.0,452.3893421169302,56.548667764616276,200.0,2.142857142857143,31.5,89.8,0.17578947368421052,0.0,0.17578947368421052,,0,0,0.007692307692307693,0.2631578947368421,0.001531552280055274
99,Rizzo and Lorenzis,2009,UW 90,1,210.0,173.0,29.3,200.0,210.0,230.0,3430.0,0.165,150.0,150,0.00165,1,90,665.3,160.0,6.0,0.0017671458676442587,1520.53084433746,760.26542216873,251.5,3.0,19.3,141.5,0.33,0.3534291735288517,0.7164671180108966,20.0,1,0,0.01491304347826087,1.0,0.0012108664282577326
100,Dias and Barros,2010,2S-M(1),0,400.0,360.0,39.7,180.0,300.0,218.4,2863.0,0.176,114.0,60,0.0010292397660818713,1,90,542.0,300.0,6.0,0.0010471975511965976,1809.5573684677208,678.5840131753953,200.0,2.5,12.8,162.6,0.18526315789473682,0.18849555921538758,0.35787813886120895,,1,0,0.01310897435897436,0.5263157894736842,0.0010545010545010545
101,Dias and Barros,2010,2S-M(2),0,400.0,360.0,39.7,180.0,300.0,218.4,2863.0,0.352,114.0,60,0.0020584795321637425,1,90,542.0,300.0,6.0,0.0010471975511965976,1809.5573684677208,678.5840131753953,200.0,2.5,39.8,185.1,0.37052631578947365,0.18849555921538758,0.5431412967559458,,1,0,0.01310897435897436,0.5263157894736842,0.0016394196081696082
102,Araki et al,1997,CF045,1,400.0,336.0,24.8,200.0,400.0,235.0,3835.0,0.111,170.769,40,0.00026000035135182614,0,90,344.0,172.0,6.0,0.0016438566210644268,,,188.0,1.5595238095238095,17.5,118.0,0.05200007027036523,0.32877132421288535,0.3150171296406735,10.0,0,0,0.016319148936170213,0.23423455076741093,0.0035801915612420927
103,Araki et al,1997,CF064,1,400.0,336.0,24.9,200.0,400.0,235.0,3835.0,0.111,172.667,70,0.0004499991312758084,0,90,344.0,172.0,6.0,0.0016438566210644268,,,188.0,1.5595238095238095,30.5,131.0,0.08999982625516167,0.32877132421288535,0.35301688562546996,10.0,0,0,0.016319148936170213,0.40540462277099854,0.003605207905473862
104,Araki et al,1997,CF097,1,400.0,336.0,25.2,200.0,400.0,235.0,3835.0,0.111,172.667,120,0.0007714270821871,0,90,344.0,172.0,6.0,0.0016438566210644268,,,188.0,1.5595238095238095,53.0,153.5,0.15428541643742,0.32877132421288535,0.4173024758077283,10.0,0,0,0.016319148936170213,0.6949793533217117,0.0036544593795923585
105,Araki et al,1997,CF131,1,400.0,336.0,25.4,200.0,400.0,235.0,3835.0,0.111,1.0,1,0.00111,0,90,344.0,172.0,6.0,0.0016438566210644268,,,188.0,1.5595238095238095,78.5,179.0,0.222,0.32877132421288535,0.48501705937030826,10.0,0,0,0.016319148936170213,1.0,0.003761740463868123
106,Araki et al,1997,CF243,1,400.0,336.0,25.6,200.0,400.0,235.0,3835.0,0.222,1.0,1,0.00222,0,90,344.0,172.0,6.0,0.0016438566210644268,,,188.0,1.5595238095238095,103.0,203.5,0.444,0.32877132421288535,0.7070170593703082,10.0,0,0,0.016319148936170213,1.0,0.002467893425340234
107,Funakawa et al,1997,S-2,1,600.0,510.0,35.0,600.0,600.0,240.0,3834.0,0.167,1.0,1,0.0005566666666666667,0,90,337.0,190.0,10.0,0.0013778915147323655,,,195.0,2.5,243.0,691.5,0.334,0.8267349088394192,1.0057221134320282,20.0,0,0,0.015975,1.0,0.005052395209580838
108,Funakawa et al,1997,S-3,1,600.0,510.0,35.0,600.0,600.0,240.0,3834.0,0.334,1.0,1,0.0011133333333333334,0,90,337.0,190.0,10.0,0.0013778915147323655,,,195.0,2.5,346.5,795.0,0.668,0.8267349088394192,1.3397221134320283,20.0,0,0,0.015975,1.0,0.0036021706586826345
109,Funakawa et al,1997,S-4,1,600.0,510.0,35.0,600.0,600.0,240.0,3834.0,0.501,1.0,1,0.00167,0,90,337.0,190.0,10.0,0.0013778915147323655,,,195.0,2.5,493.5,942.0,1.002,0.8267349088394192,1.6737221134320281,20.0,0,0,0.015975,1.0,0.003420242847638057
110,Kamiharako et al,1997,2,1,500.0,400.0,32.6,250.0,500.0,244.0,3990.0,0.111,100.0,40,0.0003552,0,90,0.0,0.0,0.0,0.0,,,0.0,2.5,104.2,285.2,0.0888,0.0,0.0888,20.0,0,0,0.016352459016393442,0.4,0.009618224782159209
111,Kamiharako et al,1997,7,1,700.0,600.0,32.6,400.0,700.0,244.0,3990.0,0.111,100.0,40,0.000222,0,90,0.0,0.0,0.0,0.0,,,0.0,1.6666666666666667,273.8,568.8,0.0888,0.0,0.0888,20.0,0,0,0.016352459016393442,0.4,0.01805230288836846
112,Taerwe et al,1997,BS7,1,450.0,420.0,34.7,200.0,450.0,279.52,3494.0,0.11,200.0,50,0.000275,0,90,559.0,400.0,6.0,0.0007068583470577035,,,200.0,2.9761904761904763,49.75,117.75,0.055,0.1413716694115407,0.1561531692984693,30.0,0,0,0.0125,0.25,0.007191260053309281
113,Umezu et al,1997,CS1,1,300.0,257.0,40.5,300.0,300.0,244.0,4280.0,0.111,1.0,1,0.00074,0,90,0.0,0.0,0.0,0.0,,,0.0,2.9571984435797667,87.0,214.0,0.222,0.0,0.222,20.0,0,0,0.017540983606557377,1.0,0.005353714370107813
114,Umezu et al,1997,CS2,1,300.0,257.0,40.5,300.0,300.0,244.0,4280.0,0.111,200.0,100,0.00037,0,90,0.0,0.0,0.0,0.0,,,0.0,2.9571984435797667,32.0,159.0,0.111,0.0,0.111,20.0,0,0,0.017540983606557377,0.5,0.003938364594102299
115,Umezu et al,1997,CS3,1,300.0,257.0,44.5,150.0,300.0,244.0,4280.0,0.111,200.0,100,0.00074,0,90,0.0,0.0,0.0,0.0,,,0.0,3.11284046692607,69.0,116.0,0.111,0.0,0.111,20.0,0,0,0.017540983606557377,0.5,0.008492098656033082
116,Khalifa,1999,B-CF4,1,305.0,255.0,60.0,150.0,305.0,228.0,3500.0,0.165,1.0,1,0.0022,0,90,0.0,0.0,0.0,0.0,,,0.0,3.588235294117647,47.0,140.0,0.33,0.0,0.33,20.0,0,0,0.015350877192982455,1.0,0.0020480909178061894
117,Beber,2003,V12_A,1,300.0,254.7,32.8,150.0,300.0,230.0,3400.0,0.111,100.0,50,0.00074,0,90,0.0,0.0,0.0,0.0,,,0.0,2.905378877110326,59.08,116.0,0.111,0.0,0.111,20.0,0,0,0.014782608695652174,0.5,0.007713800757279018
118,Beber,2003,V18_A,1,300.0,254.7,32.8,150.0,300.0,230.0,3400.0,0.111,100.0,50,0.00074,0,90,0.0,0.0,0.0,0.0,,,0.0,2.905378877110326,70.08,127.0,0.111,0.0,0.111,20.0,0,0,0.014782608695652174,0.5,0.009150019584802193
119,Beber,2003,V20_A,1,300.0,254.7,32.8,150.0,300.0,230.0,3400.0,0.111,100.0,50,0.00074,0,90,0.0,0.0,0.0,0.0,,,0.0,2.905378877110326,83.2,140.12,0.111,0.0,0.111,20.0,0,0,0.014782608695652174,0.5,0.010863036949993472
120,Beber,2003,V16_A,1,300.0,254.7,32.8,150.0,300.0,230.0,3400.0,0.111,1.0,1,0.00148,0,90,0.0,0.0,0.0,0.0,,,0.0,2.905378877110326,127.04,183.96,0.222,0.0,0.222,20.0,0,0,0.014782608695652174,1.0,0.008293510902206555
121,Beber,2003,V18_B,1,300.0,254.7,32.8,150.0,300.0,230.0,3400.0,0.111,1.0,1,0.00148,0,90,0.0,0.0,0.0,0.0,,,0.0,2.905378877110326,145.49,202.41,0.222,0.0,0.222,20.0,0,0,0.014782608695652174,1.0,0.009497976237106673
122,Diagana et al,2003,PC1,1,450.0,403.0,38.0,130.0,450.0,105.0,1400.0,0.43,200.0,40,0.001323076923076923,0,90,240.0,300.0,6.0,0.001449965840118366,,,210.0,2.2332506203473947,67.5,177.5,0.172,0.18849555921538758,0.5489911184307752,20.0,0,0,0.013333333333333334,0.2,0.008305647840531562
123,Diagana et al,2003,PC2,1,450.0,403.0,38.0,130.0,450.0,105.0,1400.0,0.43,250.0,40,0.0010584615384615385,0,90,240.0,300.0,6.0,0.001449965840118366,,,210.0,2.2332506203473947,45.0,155.0,0.1376,0.18849555921538758,0.5145911184307752,20.0,0,0,0.013333333333333334,0.16,0.0069213732004429675
124,Diagana et al,2003,PC3,1,450.0,403.0,38.0,130.0,450.0,105.0,1400.0,0.43,424.26406871192853,40,0.0006237044428927495,0,45,240.0,300.0,6.0,0.001449965840118366,,,210.0,2.2332506203473947,35.5,145.5,0.08108157757605744,0.18849555921538758,0.4580726960068326,20.0,0,0,0.013333333333333334,0.09428090415820634,0.009266257191628807
125,Diagana et al,2003,PC4,1,450.0,403.0,38.0,130.0,450.0,105.0,1400.0,0.43,494.9747468305833,40,0.0005346038081937854,0,45,240.0,300.0,6.0,0.001449965840118366,,,210.0,2.2332506203473947,22.0,132.0,0.0694984950651921,0.18849555921538758,0.4464896134959673,20.0,0,0,0.013333333333333334,0.08081220356417686,0.006699547453102517
126,Alagusundaramoorthy et al ,2003,SB3-90,1,380.0,329.5,39.0,230.0,380.0,228.0,4900.0,0.18,1.0,1,0.0015652173913043477,0,90,414.0,300.0,9.0,0.0018439782966722699,,,200.0,2.7769347496206374,33.0,231.5,0.36,0.42411500823462206,0.7320307089777387,20.0,0,0,0.02149122807017544,1.0,0.0010580178516466606
127,Alagusundaramoorthy et al ,2003,SB4-90,1,380.0,329.5,39.0,230.0,380.0,228.0,4900.0,0.18,1.0,1,0.0015652173913043477,0,90,414.0,300.0,9.0,0.0018439782966722699,,,200.0,2.7769347496206374,19.0,217.5,0.36,0.42411500823462206,0.7320307089777387,20.0,0,0,0.02149122807017544,1.0,0.0006091617933723197
128,Alagusundaramoorthy et al ,2003,SB5-90,1,380.0,329.5,39.0,230.0,380.0,228.0,4900.0,0.18,1.0,1,0.0015652173913043477,0,90,414.0,300.0,9.0,0.0018439782966722699,,,200.0,2.7769347496206374,36.0,234.5,0.36,0.42411500823462206,0.7320307089777387,20.0,0,0,0.02149122807017544,1.0,0.0011542012927054479
129,Alagusundaramoorthy et al ,2003,SB6-90,1,380.0,329.5,39.0,230.0,380.0,228.0,4900.0,0.18,1.0,1,0.0015652173913043477,0,90,414.0,300.0,9.0,0.0018439782966722699,,,200.0,2.7769347496206374,19.5,218.0,0.36,0.42411500823462206,0.7320307089777387,20.0,0,0,0.02149122807017544,1.0,0.0006251923668821176
130,Alagusundaramoorthy et al ,2003,SB7-90-0,1,380.0,329.5,39.0,230.0,380.0,228.0,4900.0,0.36,1.0,1,0.0031304347826086954,0,90,414.0,300.0,9.0,0.0018439782966722699,,,200.0,2.7769347496206374,42.5,241.0,0.72,0.42411500823462206,1.0920307089777386,20.0,0,0,0.02149122807017544,1.0,0.0006812993741664102
131,Alagusundaramoorthy et al ,2003,SB8-90-0,1,380.0,329.5,39.0,230.0,380.0,228.0,4900.0,0.36,1.0,1,0.0031304347826086954,0,90,414.0,300.0,9.0,0.0018439782966722699,,,200.0,2.7769347496206374,28.5,227.0,0.72,0.42411500823462206,1.0920307089777386,20.0,0,0,0.02149122807017544,1.0,0.0004568713450292398
132,Alagusundaramoorthy et al ,2003,SB9-45,1,380.0,329.5,39.0,230.0,380.0,228.0,4900.0,0.18,1.4142135623730951,1,0.0011067758314224222,0,45,414.0,300.0,9.0,0.0018439782966722699,,,200.0,2.7769347496206374,66.0,264.5,0.2545584412271571,0.42411500823462206,0.6265891502048957,20.0,0,0,0.02149122807017544,0.7071067811865475,0.0029925263900631056
133,Alagusundaramoorthy et al ,2003,SB10-45,1,380.0,329.5,39.0,230.0,380.0,228.0,4900.0,0.18,1.4142135623730951,1,0.0011067758314224222,0,45,414.0,300.0,9.0,0.0018439782966722699,,,200.0,2.7769347496206374,75.0,273.5,0.2545584412271571,0.42411500823462206,0.6265891502048957,20.0,0,0,0.02149122807017544,0.7071067811865475,0.0034005981705262566
134,Alagusundaramoorthy et al ,2003,SB11-45,1,380.0,329.5,39.0,230.0,380.0,228.0,4900.0,0.18,1.4142135623730951,1,0.0011067758314224222,0,45,414.0,300.0,9.0,0.0018439782966722699,,,200.0,2.7769347496206374,56.0,254.5,0.2545584412271571,0.42411500823462206,0.6265891502048957,20.0,0,0,0.02149122807017544,0.7071067811865475,0.0025391133006596044
135,Alagusundaramoorthy et al ,2003,SB12-45,1,380.0,329.5,39.0,230.0,380.0,228.0,4900.0,0.18,1.4142135623730951,1,0.0011067758314224222,0,45,414.0,300.0,9.0,0.0018439782966722699,,,200.0,2.7769347496206374,67.0,265.5,0.2545584412271571,0.42411500823462206,0.6265891502048957,20.0,0,0,0.02149122807017544,0.7071067811865475,0.0030378676990034555
136,Alagusundaramoorthy et al ,2003,SB13-45-0,1,380.0,329.5,39.0,230.0,380.0,228.0,4900.0,0.36,1.4142135623730951,1,0.0022135516628448444,0,45,414.0,300.0,9.0,0.0018439782966722699,,,200.0,2.7769347496206374,58.0,256.5,0.5091168824543142,0.42411500823462206,0.8811475914320528,20.0,0,0,0.02149122807017544,0.7071067811865475,0.0013148979592701524
137,Alagusundaramoorthy et al ,2003,SB14-45-0,1,380.0,329.5,39.0,230.0,380.0,228.0,4900.0,0.36,1.4142135623730951,1,0.0022135516628448444,0,45,414.0,300.0,9.0,0.0018439782966722699,,,200.0,2.7769347496206374,72.5,271.0,0.5091168824543142,0.42411500823462206,0.8811475914320528,20.0,0,0,0.02149122807017544,0.7071067811865475,0.0016436224490876904
138,Adhikary et al,2004,C-4,1,300.0,245.0,50.4,300.0,300.0,230.0,3400.0,0.167,1.0,1,0.0011133333333333334,0,90,0.0,0.0,0.0,0.0,,,0.0,4.081632653061225,138.0,250.0,0.334,0.0,0.334,30.0,0,0,0.014782608695652174,1.0,0.005988023952095808
139,Miyajima et al,2005,case2,1,440.0,375.0,37.8,340.0,440.0,253.0,4840.0,0.111,150.0,50,0.0002176470588235294,0,90,381.5,150.0,4.0,0.0004927988476219283,,,200.0,2.933333333333333,81.3,212.3,0.074,0.16755160819145562,0.20645186418296885,20.0,0,0,0.019130434782608695,0.3333333333333333,0.009869283584698603
140,Miyajima et al,2005,case3,1,440.0,375.0,37.8,340.0,440.0,253.0,4840.0,0.111,150.0,75,0.00032647058823529406,0,90,381.5,150.0,4.0,0.0004927988476219283,,,200.0,2.933333333333333,122.0,253.0,0.11099999999999999,0.16755160819145562,0.24345186418296885,20.0,0,0,0.019130434782608695,0.5,0.009873330031432799
141,Miyajima et al,2005,case4,1,440.0,375.0,37.8,340.0,440.0,253.0,4840.0,0.111,150.0,88,0.00038305882352941185,0,90,381.5,150.0,4.0,0.0004927988476219283,,,200.0,2.933333333333333,132.0,263.0,0.13024000000000002,0.16755160819145562,0.26269186418296886,20.0,0,0,0.019130434782608695,0.5866666666666667,0.00910450515193598
142,Miyajima et al,2005,case5,1,440.0,375.0,37.8,340.0,440.0,253.0,4840.0,0.111,150.0,100,0.0004352941176470588,0,90,381.5,150.0,4.0,0.0004927988476219283,,,200.0,2.933333333333333,162.6,293.6,0.148,0.16755160819145562,0.28045186418296886,20.0,0,0,0.019130434782608695,0.6666666666666666,0.009869283584698603
143,Cao et al,2005,A2,1,250.0,222.5,24.400000000000002,150.0,250.0,249.0,3635.0,0.167,100.0,30,0.0006680000000000001,0,90,303.0,200.0,6.0,0.0018849555921538759,,,200.0,2.696629213483146,44.0,185.0,0.10020000000000001,0.2827433388230814,0.3273030833920333,20.0,0,0,0.014598393574297189,0.3,0.00705416476284379
144,Cao et al,2005,A3,1,250.0,222.5,24.400000000000002,150.0,250.0,249.0,3635.0,0.167,150.0,30,0.0004453333333333334,0,90,303.0,200.0,6.0,0.0018849555921538759,,,200.0,2.696629213483146,46.0,187.0,0.06680000000000001,0.2827433388230814,0.29390308339203325,20.0,0,0,0.014598393574297189,0.2,0.011062212923550488
145,Cao et al,2005,A5,1,250.0,222.5,24.400000000000002,150.0,250.0,249.0,3635.0,0.167,100.0,30,0.0006680000000000001,0,90,303.0,200.0,6.0,0.0018849555921538759,,,200.0,1.797752808988764,44.0,227.0,0.10020000000000001,0.2827433388230814,0.3273030833920333,20.0,0,0,0.014598393574297189,0.3,0.00705416476284379
146,Cao et al,2005,A6,1,250.0,222.5,24.400000000000002,150.0,250.0,249.0,3635.0,0.167,50.0,30,0.0013360000000000002,0,90,303.0,200.0,6.0,0.0018849555921538759,,,200.0,1.797752808988764,34.0,217.0,0.20040000000000002,0.2827433388230814,0.42750308339203325,20.0,0,0,0.014598393574297189,0.6,0.002725472749280555
147,Grande et al,2009,RS4W,1,450.0,405.1,21.0,250.0,450.0,392.0,2352.0,0.191,1.0,1,0.001528,0,90,500.0,400.0,8.0,0.001005309649148734,,,200.0,3.4559368057269806,130.0,250.0,0.382,0.25132741228718347,0.5102282715750937,20.0,0,0,0.006,1.0,0.0019292184587622132
148,Grande et al,2009,RS3W,1,450.0,405.1,21.0,250.0,450.0,392.0,2352.0,0.191,1.0,1,0.001528,0,90,500.0,300.0,8.0,0.0013404128655316449,,,200.0,3.4559368057269806,170.0,330.0,0.382,0.33510321638291124,0.5529710287667915,20.0,0,0,0.006,1.0,0.0025228241383813558
149,Grande et al,2009,RS2W,1,450.0,405.1,21.0,250.0,450.0,392.0,2352.0,0.191,1.0,1,0.001528,0,90,500.0,200.0,8.0,0.002010619298297468,,,200.0,3.4559368057269806,85.0,300.0,0.382,0.5026548245743669,0.6384565431501872,20.0,0,0,0.006,1.0,0.0012614120691906779
150,Colalillo&Sheikh,2012,S0-CS,1,650.0,583.0,47.5,400.0,650.0,94.0,1005.8,1.0,200.0,100,0.0025,0,90,0.0,0.0,0.0,0.0,,,0.0,2.9159519725557463,420.0,695.0,1.0,0.0,1.0,38.0,0,0,0.0107,0.5,0.006873977086743043
151,Colalillo&Sheikh,2012,S0-CA,1,650.0,583.0,47.5,400.0,650.0,94.0,1005.8,1.0,1.0,1,0.005,0,90,0.0,0.0,0.0,0.0,,,0.0,2.9159519725557463,640.0,915.0,2.0,0.0,2.0,38.0,0,0,0.0107,1.0,0.005237315875613748
152,Colalillo&Sheikh,2012,S5-CS,1,650.0,583.0,47.5,400.0,650.0,94.0,1005.8,1.0,200.0,100,0.0025,0,90,481.0,500.0,9.5,0.000708821842466197,,,214.0,2.9159519725557463,310.0,725.0,1.0,0.2835287369864788,1.645480316118154,38.0,0,0,0.0107,0.5,0.005073649754500819
153,Colalillo&Sheikh,2012,S5-CA,1,650.0,583.0,47.5,400.0,650.0,94.0,1005.8,1.0,1.0,1,0.005,0,90,481.0,500.0,9.5,0.000708821842466197,,,214.0,2.9159519725557463,473.0,888.0,2.0,0.2835287369864788,2.645480316118154,38.0,0,0,0.0107,1.0,0.003870703764320786
154,Colalillo&Sheikh,2012,S2-CS,1,650.0,583.0,47.5,400.0,650.0,94.0,1005.8,1.0,200.0,100,0.0025,0,90,481.0,250.0,9.5,0.001417643684932394,,,214.0,2.9159519725557463,293.0,844.0,1.0,0.5670574739729576,2.290960632236308,38.0,0,0,0.0107,0.5,0.004795417348608838
155,Colalillo&Sheikh,2012,S2-CA,1,650.0,583.0,47.5,400.0,650.0,94.0,1005.8,1.0,1.0,1,0.005,0,90,481.0,250.0,9.5,0.001417643684932394,,,214.0,2.9159519725557463,315.0,866.0,2.0,0.5670574739729576,3.290960632236308,38.0,0,0,0.0107,1.0,0.0025777414075286416
156,Grande et al.,2009,RS4Wa,1,450.0,420.0,21.0,250.0,450.0,392.0,2600.0,0.191,1.0,1,0.001528,0,90,476.0,400.0,8.0,0.001005309649148734,,,210.0,3.3333333333333335,130.0,250.0,0.382,0.25132741228718347,0.5166396851538483,20.0,0,0,0.0066326530612244895,1.0,0.0019292184587622132
157,Grande et al.,2009,RS3Wa,1,450.0,420.0,21.0,250.0,450.0,392.0,2600.0,0.191,1.0,1,0.001528,0,90,476.0,300.0,8.0,0.0013404128655316449,,,210.0,3.3333333333333335,170.0,330.0,0.382,0.33510321638291124,0.561519580205131,20.0,0,0,0.0066326530612244895,1.0,0.0025228241383813558
158,Grande et al.,2009,RS2Wa,1,450.0,420.0,21.0,250.0,450.0,392.0,2600.0,0.191,1.0,1,0.001528,0,90,476.0,300.0,8.0,0.0013404128655316449,,,210.0,3.3333333333333335,85.0,300.0,0.382,0.33510321638291124,0.561519580205131,20.0,0,0,0.0066326530612244895,1.0,0.0012614120691906779
159,Leung_et_al.,2007,SB-F1,1,180.0,155.0,27.4,76.0,180.0,235.0,4200.0,0.11,60.0,20,0.0009649122807017544,0,90,370.0,120.0,4.0,0.0027557830294647305,,,200.0,2.903225806451613,25.35,66.1,0.07333333333333333,0.20943951023931953,0.25157972502637127,20.0,0,0,0.017872340425531912,0.3333333333333333,0.008172147001934237
160,Leung_et_al.,2007,SB-F2,1,180.0,155.0,27.4,76.0,180.0,235.0,4200.0,0.11,60.0,20,0.0009649122807017544,0,90,370.0,120.0,4.0,0.0027557830294647305,,,200.0,2.903225806451613,25.9,66.65,0.07333333333333333,0.20943951023931953,0.25157972502637127,20.0,0,0,0.017872340425531912,0.3333333333333333,0.008349451966473243
161,Leung_et_al.,2007,MB-F1,1,360.0,305.0,27.4,150.0,360.0,235.0,4200.0,0.22,120.0,40,0.0009777777777777777,0,90,370.0,135.0,6.0,0.002792526803190927,,,200.0,2.9508196721311477,86.5,236.35,0.14666666666666667,0.41887902047863906,0.5031594500527425,20.0,0,0,0.017872340425531912,0.3333333333333333,0.0069713088330109595
162,Leung_et_al.,2007,MB-F2,1,360.0,305.0,27.4,150.0,360.0,235.0,4200.0,0.22,120.0,40,0.0009777777777777777,0,90,370.0,135.0,6.0,0.002792526803190927,,,200.0,2.9508196721311477,100.45,250.3,0.14666666666666667,0.41887902047863906,0.5031594500527425,20.0,0,0,0.017872340425531912,0.3333333333333333,0.008095583494519666
163,Teng_et_al.,2009,UBF-R6,1,300.0,260.0,37.92,150.0,300.0,266.0,3970.0,0.11,50.0,20,0.0005866666666666668,0,90,271.0,125.0,6.0,0.0030159289474462015,,,200.0,2.5,85.6,205.5,0.08800000000000001,0.4523893421169302,0.4281423624939325,25.0,0,0,0.014924812030075188,0.4,0.012189564821143766
164,Teng_et_al.,2009,BDF-R6,1,300.0,260.0,40.48,150.0,300.0,266.0,3970.0,0.11,50.0,20,0.0005866666666666668,0,90,271.0,125.0,6.0,0.0030159289474462015,,,200.0,2.5,61.0,180.9,0.08800000000000001,0.4523893421169302,0.4281423624939325,25.0,0,0,0.014924812030075188,0.4,0.008686488949646843
165,Teng_et_al.,2009,UBF-R8,1,300.0,260.0,36.72,150.0,300.0,266.0,3970.0,0.11,50.0,20,0.0005866666666666668,0,90,342.2,125.0,8.0,0.00536165146212658,,,200.0,2.5,55.0,198.3,0.08800000000000001,0.8042477193189871,0.6926975333225466,25.0,0,0,0.014924812030075188,0.4,0.007832080200501253
166,Teng_et_al.,2009,BDF-R8,1,300.0,260.0,36.32,150.0,300.0,266.0,3970.0,0.11,50.0,20,0.0005866666666666668,0,90,342.2,125.0,8.0,0.00536165146212658,,,200.0,2.5,70.3,213.6,0.08800000000000001,0.8042477193189871,0.6926975333225466,25.0,0,0,0.014924812030075188,0.4,0.01001082251082251
167,Grande et al,2013,RS4WL4,1,450.0,404.4,29.3,250.0,450.0,392.0,2600.0,0.191,1.0,1,0.001528,0,90,476.0,400.0,8.0,0.001005309649148734,,,210.0,3.4619188921859547,97.5,220.0,0.382,0.25132741228718347,0.5166396851538483,20.0,0,0,0.0066326530612244895,1.0,0.0014469138440716602
168,Grande et al,2013,RS4WL2.5,1,450.0,404.4,29.3,250.0,450.0,392.0,2600.0,0.191,1.0,1,0.001528,0,90,476.0,400.0,8.0,0.001005309649148734,,,210.0,3.4619188921859547,42.5,165.0,0.382,0.25132741228718347,0.5166396851538483,20.0,0,0,0.0066326530612244895,1.0,0.0006307060345953389
169,Al-Tersawy,2013,B3V1L-21,1,200.0,175.0,24.9,100.0,200.0,200.0,3400.0,0.13,150.0,100,0.0017333333333333335,0,90,240.0,200.0,8.0,0.00502654824574367,,,200.0,2.0,17.55,49.05,0.17333333333333334,0.5026548245743669,0.6759881579077003,20.0,0,0,0.017,0.6666666666666666,0.0025312500000000005
170,Al-Tersawy,2013,B4V2L-21,1,200.0,175.0,24.9,100.0,200.0,200.0,3400.0,0.26,150.0,100,0.003466666666666667,0,90,240.0,200.0,8.0,0.00502654824574367,,,200.0,2.0,18.5,50.0,0.3466666666666667,0.5026548245743669,0.8493214912410336,20.0,0,0,0.017,0.6666666666666666,0.0013341346153846155
171,Al-Tersawy,2013,B5Incl.1L-21,1,200.0,175.0,24.9,100.0,200.0,200.0,3400.0,0.13,212.13203435596427,100,0.0012256517540566822,0,90,240.0,200.0,8.0,0.00502654824574367,,,200.0,2.0,15.1,46.6,0.12256517540566823,0.5026548245743669,0.6252199999800352,20.0,0,0,0.017,0.4714045207910317,0.0030799939603606353
172,Al-Tersawy,2013,B6Incl.2L-21,1,200.0,175.0,24.9,100.0,200.0,200.0,3400.0,0.26,212.13203435596427,100,0.0024513035081133645,0,90,240.0,200.0,8.0,0.00502654824574367,,,200.0,2.0,22.4,53.9,0.24513035081133647,0.5026548245743669,0.7477851753857034,20.0,0,0,0.017,0.4714045207910317,0.0022844988315257686
173,Al-Tersawy,2013,B7Incl.1L-35,1,200.0,175.0,36.2,100.0,200.0,200.0,3400.0,0.13,212.13203435596427,100,0.0012256517540566822,0,45,240.0,200.0,8.0,0.00502654824574367,,,200.0,2.0,19.5,53.0,0.12256517540566823,0.5026548245743669,0.6252199999800352,20.0,0,0,0.017,0.4714045207910317,0.003977475644174329
174,Al-Tersawy,2013,B8Incl.2L-35,1,200.0,175.0,36.2,100.0,200.0,200.0,3400.0,0.26,212.13203435596427,100,0.0024513035081133645,0,45,240.0,200.0,8.0,0.00502654824574367,,,200.0,2.0,23.0,56.5,0.24513035081133647,0.5026548245743669,0.7477851753857034,20.0,0,0,0.017,0.4714045207910317,0.002345690764513066
175,Al-Tersawy,2013,B9Incl.3L-35,1,200.0,175.0,36.2,100.0,200.0,200.0,3400.0,0.39,212.13203435596427,100,0.003676955262170047,0,45,240.0,200.0,8.0,0.00502654824574367,,,200.0,2.0,28.5,62.0,0.3676955262170047,0.5026548245743669,0.8703503507913717,20.0,0,0,0.017,0.4714045207910317,0.00193774454459775
176,Sim et al,2005,CS90U,1,250.0,220.0,32.0,250.0,250.0,240.0,3500.0,0.2,1.0,1,0.0016,0,90,0.0,0.0,0.0,0.0,,,0.0,1.7,14.0,66.5,0.4,0.0,0.4,20.0,0,0,0.014583333333333334,1.0,0.0005833333333333333
177,Alzate,2012,W90S5(L),1,420.0,362.0,24.47,250.0,420.0,240.0,4000.0,0.293,500.0,300,0.0014064,0,90,500.0,380.0,8.0,0.0010582206833144568,,,200.0,3.4806629834254146,127.22,276.21,0.35159999999999997,0.2645551708286142,0.5720626423571784,20.0,0,0,0.016666666666666666,0.6,0.0035895994727052753
178,Alzate,2012,W90S3-a(L),1,420.0,362.0,22.58,250.0,420.0,240.0,3800.0,0.165,500.0,300,0.0007920000000000001,0,90,500.0,380.0,8.0,0.0010582206833144568,,,200.0,3.4806629834254146,162.43,311.42,0.198,0.2645551708286142,0.4184626423571785,20.0,0,0,0.015833333333333335,0.6,0.008138427930094597
179,Alzate,2012,W90S3-b(L),1,420.0,362.0,22.64,250.0,420.0,240.0,3800.0,0.165,500.0,300,0.0007920000000000001,0,90,500.0,380.0,8.0,0.0010582206833144568,,,200.0,3.4806629834254146,135.35,284.34,0.198,0.2645551708286142,0.4184626423571785,20.0,0,0,0.015833333333333335,0.6,0.006781605739939073
180,Alzate,2012,W90S5,1,420.0,362.0,24.47,250.0,420.0,240.0,4000.0,0.293,500.0,300,0.0014064,0,90,500.0,380.0,8.0,0.0010582206833144568,,,200.0,3.4806629834254146,216.04,374.28,0.35159999999999997,0.2645551708286142,0.5720626423571784,20.0,0,0,0.016666666666666666,0.6,0.006095716633259296
181,Alzate,2012,W90S3-a,1,420.0,362.0,22.58,250.0,420.0,240.0,3800.0,0.165,500.0,300,0.0007920000000000001,0,90,500.0,380.0,8.0,0.0010582206833144568,,,200.0,3.4806629834254146,163.11,321.35,0.198,0.2645551708286142,0.4184626423571785,20.0,0,0,0.015833333333333335,0.6,0.008172498797498798
182,Alzate,2012,W90S3-b,1,420.0,362.0,22.64,250.0,420.0,240.0,3800.0,0.165,500.0,300,0.0007920000000000001,0,90,500.0,380.0,8.0,0.0010582206833144568,,,200.0,3.4806629834254146,118.38,276.62,0.198,0.2645551708286142,0.4184626423571785,20.0,0,0,0.015833333333333335,0.6,0.0059313371813371814
183,Bukhari et al,2010,C5,1,305.0,268.0,68.0,152.0,305.0,235.0,3451.0,0.34,380.5,305,0.0035860017981879802,0,90,0.0,0.0,0.0,0.0,,,0.0,3.126865671641791,60.6,135.6,0.545072273324573,0.0,0.545072273324573,20.0,0,0,0.014685106382978723,0.8015768725361366,0.001551139408000931
